  Time                 , V(U3:OUT)            
  0.000000000000e+00  ,2.868914068652e-06  
  1.000000000000e-06  ,1.131026278952e-05  
  2.000000000000e-06  ,2.763933911102e-05  
  2.945186614990e-06  ,4.748848879239e-05  
  4.835559844971e-06  ,1.028431577462e-04  
  8.616306304932e-06  ,2.692501840190e-04  
  1.617779922485e-05  ,7.386001609759e-04  
  2.795453262329e-05  ,1.635110839040e-03  
  4.828839492798e-05  ,3.301391593361e-03  
  8.415265274048e-05  ,6.274085153533e-03  
  1.558811683655e-04  ,1.220303017961e-02  
  2.558811683655e-04  ,2.042686304258e-02  
  3.558811683655e-04  ,2.856922091679e-02  
  4.558811683655e-04  ,3.659946005511e-02  
  5.558811683655e-04  ,4.448482831388e-02  
  6.558811683655e-04  ,5.219496026021e-02  
  7.558811683655e-04  ,5.969889072698e-02  
  8.558811683655e-04  ,6.696738703578e-02  
  9.558811683655e-04  ,7.397149199007e-02  
  1.055881168365e-03  ,8.068375699425e-02  
  1.155881168365e-03  ,8.707755416181e-02  
  1.255881168365e-03  ,9.312774805211e-02  
  1.355881168365e-03  ,9.881039159464e-02  
  1.455881168365e-03  ,1.041031076338e-01  
  1.555881168365e-03  ,1.089849729105e-01  
  1.655881168365e-03  ,1.134367460491e-01  
  1.755881168365e-03  ,1.174408400485e-01  
  1.855881168365e-03  ,1.209814653336e-01  
  1.955881168365e-03  ,1.240446396088e-01  
  2.055881168365e-03  ,1.266182803500e-01  
  2.155881168365e-03  ,1.286922260048e-01  
  2.255881168365e-03  ,1.302582949418e-01  
  2.355881168365e-03  ,1.313103042054e-01  
  2.455881168365e-03  ,1.318441037308e-01  
  2.555881168365e-03  ,1.318575856403e-01  
  2.655881168365e-03  ,1.313506975631e-01  
  2.755881168365e-03  ,1.303254393649e-01  
  2.855881168365e-03  ,1.287858577123e-01  
  2.955881168365e-03  ,1.267380282863e-01  
  3.055881168365e-03  ,1.241900331962e-01  
  3.155881168365e-03  ,1.211519280407e-01  
  3.255881168365e-03  ,1.176357029428e-01  
  3.355881168365e-03  ,1.136552347419e-01  
  3.455881168365e-03  ,1.092262326098e-01  
  3.555881168365e-03  ,1.043661757409e-01  
  3.655881168365e-03  ,9.909424459363e-02  
  3.755881168365e-03  ,9.343124504118e-02  
  3.855881168365e-03  ,8.739952638427e-02  
  3.955881168365e-03  ,8.102289303579e-02  
  4.055881168365e-03  ,7.432651068897e-02  
  4.155881168365e-03  ,6.733680690827e-02  
  4.255881168365e-03  ,6.008136676238e-02  
  4.355881168365e-03  ,5.258882431780e-02  
  4.455881168365e-03  ,4.488874910186e-02  
  4.555881168365e-03  ,3.701152981083e-02  
  4.655881168365e-03  ,2.898825423736e-02  
  4.755881168365e-03  ,2.085058660862e-02  
  4.855881168365e-03  ,1.263064255597e-02  
  4.955881168365e-03  ,4.360862437320e-03  
  5.055881168365e-03  ,-3.926116662482e-03  
  5.155881168365e-03  ,-1.219758989052e-02  
  5.255881168365e-03  ,-2.042091344743e-02  
  5.355881168365e-03  ,-2.856363367267e-02  
  5.455881168365e-03  ,-3.659361497159e-02  
  5.555881168365e-03  ,-4.447916666746e-02  
  5.655881168365e-03  ,-5.218916807794e-02  
  5.755881168365e-03  ,-5.969319139964e-02  
  5.855881168365e-03  ,-6.696162159723e-02  
  5.955881168365e-03  ,-7.396577356384e-02  
  6.055881168365e-03  ,-8.067800510121e-02  
  6.155881168365e-03  ,-8.707182608416e-02  
  6.255881168365e-03  ,-9.312200300632e-02  
  6.355881168365e-03  ,-9.880465864503e-02  
  6.455881168365e-03  ,-1.040973660693e-01  
  6.555881168365e-03  ,-1.089792374389e-01  
  6.655881168365e-03  ,-1.134310062522e-01  
  6.755881168365e-03  ,-1.174351033611e-01  
  6.855881168365e-03  ,-1.209757264341e-01  
  6.955881168365e-03  ,-1.240389022841e-01  
  7.055881168365e-03  ,-1.266125419270e-01  
  7.155881168365e-03  ,-1.286864883876e-01  
  7.255881168365e-03  ,-1.302525567219e-01  
  7.355881168365e-03  ,-1.313045664302e-01  
  7.455881168365e-03  ,-1.318383656787e-01  
  7.555881168365e-03  ,-1.318518478038e-01  
  7.655881168365e-03  ,-1.313449595990e-01  
  7.755881168365e-03  ,-1.303197015165e-01  
  7.855881168365e-03  ,-1.287801197926e-01  
  7.955881168365e-03  ,-1.267322904542e-01  
  8.055881168365e-03  ,-1.241842953443e-01  
  8.155881168365e-03  ,-1.211461902274e-01  
  8.255881168365e-03  ,-1.176299651151e-01  
  8.355881168365e-03  ,-1.136494969533e-01  
  8.455881168365e-03  ,-1.092204948119e-01  
  8.555881168365e-03  ,-1.043604379787e-01  
  8.655881168365e-03  ,-9.908850683075e-02  
  8.755881168365e-03  ,-9.342550732306e-02  
  8.855881168365e-03  ,-8.739378866987e-02  
  8.955881168365e-03  ,-8.101715534493e-02  
  9.055881168365e-03  ,-7.432077300194e-02  
  9.155881168365e-03  ,-6.733106914495e-02  
  9.255881168365e-03  ,-6.007562907139e-02  
  9.355881168365e-03  ,-5.258308656001e-02  
  9.455881168365e-03  ,-4.488301131815e-02  
  9.555881168365e-03  ,-3.700579200372e-02  
  9.655881168365e-03  ,-2.898251642789e-02  
  9.755881168365e-03  ,-2.084484879220e-02  
  9.855881168365e-03  ,-1.262490470477e-02  
  9.955881168365e-03  ,-4.355124602476e-03  
  1.005588116837e-02  ,3.931854537330e-03  
  1.015588116837e-02  ,1.220332776559e-02  
  1.025588116837e-02  ,2.042665133447e-02  
  1.035588116837e-02  ,2.856937158071e-02  
  1.045588116837e-02  ,3.659935289040e-02  
  1.055588116837e-02  ,4.448490458677e-02  
  1.065588116837e-02  ,5.219490603567e-02  
  1.075588116837e-02  ,5.969892933523e-02  
  1.085588116837e-02  ,6.696735957446e-02  
  1.095588116837e-02  ,7.397151154073e-02  
  1.105588116837e-02  ,8.068374308440e-02  
  1.115588116837e-02  ,8.707756406564e-02  
  1.125588116837e-02  ,9.312774100456e-02  
  1.135588116837e-02  ,9.881039661600e-02  
  1.145588116837e-02  ,1.041031040701e-01  
  1.155588116837e-02  ,1.089849754510e-01  
  1.165588116837e-02  ,1.134367442462e-01  
  1.175588116837e-02  ,1.174408413333e-01  
  1.185588116837e-02  ,1.209814644278e-01  
  1.195588116837e-02  ,1.240446402535e-01  
  1.205588116837e-02  ,1.266182798909e-01  
  1.215588116837e-02  ,1.286922263335e-01  
  1.225588116837e-02  ,1.302582946977e-01  
  1.235588116837e-02  ,1.313103043910e-01  
  1.245588116837e-02  ,1.318441036171e-01  
  1.255588116837e-02  ,1.318575857245e-01  
  1.265588116837e-02  ,1.313506975083e-01  
  1.275588116837e-02  ,1.303254394070e-01  
  1.285588116837e-02  ,1.287858576786e-01  
  1.295588116837e-02  ,1.267380283244e-01  
  1.305588116837e-02  ,1.241900331837e-01  
  1.315588116837e-02  ,1.211519280533e-01  
  1.325588116837e-02  ,1.176357029430e-01  
  1.335588116837e-02  ,1.136552347504e-01  
  1.345588116837e-02  ,1.092262326183e-01  
  1.355588116837e-02  ,1.043661757451e-01  
  1.365588116837e-02  ,9.909424459347e-02  
  1.375588116837e-02  ,9.343124504592e-02  
  1.385588116837e-02  ,8.739952637573e-02  
  1.395588116837e-02  ,8.102289303180e-02  
  1.405588116837e-02  ,7.432651068059e-02  
  1.415588116837e-02  ,6.733680689987e-02  
  1.425588116837e-02  ,6.008136676231e-02  
  1.435588116837e-02  ,5.258882431358e-02  
  1.445588116837e-02  ,4.488874909343e-02  
  1.455588116837e-02  ,3.701152980233e-02  
  1.465588116837e-02  ,2.898825422892e-02  
  1.475588116837e-02  ,2.085058660438e-02  
  1.485588116837e-02  ,1.263064253903e-02  
  1.495588116837e-02  ,4.360862437362e-03  
  1.505588116837e-02  ,-3.926116662543e-03  
  1.515588116837e-02  ,-1.219758989053e-02  
  1.525588116837e-02  ,-2.042091344749e-02  
  1.535588116837e-02  ,-2.856363368979e-02  
  1.545588116837e-02  ,-3.659361498007e-02  
  1.555588116837e-02  ,-4.447916667170e-02  
  1.565588116837e-02  ,-5.218916807791e-02  
  1.575588116837e-02  ,-5.969319139541e-02  
  1.585588116837e-02  ,-6.696162160591e-02  
  1.595588116837e-02  ,-7.396577357247e-02  
  1.605588116837e-02  ,-8.067800510989e-02  
  1.615588116837e-02  ,-8.707182608850e-02  
  1.625588116837e-02  ,-9.312200301498e-02  
  1.635588116837e-02  ,-9.880465864504e-02  
  1.645588116837e-02  ,-1.040973660736e-01  
  1.655588116837e-02  ,-1.089792374598e-01  
  1.665588116837e-02  ,-1.134310062523e-01  
  1.675588116837e-02  ,-1.174351033526e-01  
  1.685588116837e-02  ,-1.209757264384e-01  
  1.695588116837e-02  ,-1.240389022839e-01  
  1.705588116837e-02  ,-1.266125419356e-01  
  1.715588116837e-02  ,-1.286864883959e-01  
  1.725588116837e-02  ,-1.302525567262e-01  
  1.735588116837e-02  ,-1.313045664387e-01  
  1.745588116837e-02  ,-1.318383656788e-01  
  1.755588116837e-02  ,-1.318518478080e-01  
  1.765588116837e-02  ,-1.313449595988e-01  
  1.775588116837e-02  ,-1.303197015207e-01  
  1.785588116837e-02  ,-1.287801198053e-01  
  1.795588116837e-02  ,-1.267322904624e-01  
  1.805588116837e-02  ,-1.241842953443e-01  
  1.815588116837e-02  ,-1.211461902316e-01  
  1.825588116837e-02  ,-1.176299651151e-01  
  1.835588116837e-02  ,-1.136494969659e-01  
  1.845588116837e-02  ,-1.092204948288e-01  
  1.855588116837e-02  ,-1.043604379701e-01  
  1.865588116837e-02  ,-9.908850683932e-02  
  1.875588116837e-02  ,-9.342550732730e-02  
  1.885588116837e-02  ,-8.739378866987e-02  
  1.895588116837e-02  ,-8.101715534489e-02  
  1.905588116837e-02  ,-7.432077300639e-02  
  1.915588116837e-02  ,-6.733106915352e-02  
  1.925588116837e-02  ,-6.007562907141e-02  
  1.935588116837e-02  ,-5.258308655143e-02  
  1.945588116837e-02  ,-4.488301131405e-02  
  1.955588116837e-02  ,-3.700579200369e-02  
  1.965588116837e-02  ,-2.898251641968e-02  
  1.975588116837e-02  ,-2.084484880040e-02  
  1.985588116837e-02  ,-1.262490471751e-02  
  1.995588116837e-02  ,-4.355124610637e-03  
  2.005588116837e-02  ,3.931854537324e-03  
  2.015588116837e-02  ,1.220332775710e-02  
  2.025588116837e-02  ,2.042665134300e-02  
  2.035588116837e-02  ,2.856937157668e-02  
  2.045588116837e-02  ,3.659935288610e-02  
  2.055588116837e-02  ,4.448490459950e-02  
  2.065588116837e-02  ,5.219490602702e-02  
  2.075588116837e-02  ,5.969892933518e-02  
  2.085588116837e-02  ,6.696735957008e-02  
  2.095588116837e-02  ,7.397151154067e-02  
  2.105588116837e-02  ,8.068374308839e-02  
  2.115588116837e-02  ,8.707756405737e-02  
  2.125588116837e-02  ,9.312774100442e-02  
  2.135588116837e-02  ,9.881039661602e-02  
  2.145588116837e-02  ,1.041031040659e-01  
  2.155588116837e-02  ,1.089849754509e-01  
  2.165588116837e-02  ,1.134367442461e-01  
  2.175588116837e-02  ,1.174408413417e-01  
  2.185588116837e-02  ,1.209814644277e-01  
  2.195588116837e-02  ,1.240446402452e-01  
  2.205588116837e-02  ,1.266182798867e-01  
  2.215588116837e-02  ,1.286922263334e-01  
  2.225588116837e-02  ,1.302582946975e-01  
  2.235588116837e-02  ,1.313103043868e-01  
  2.245588116837e-02  ,1.318441036170e-01  
  2.255588116837e-02  ,1.318575857244e-01  
  2.265588116837e-02  ,1.313506975125e-01  
  2.275588116837e-02  ,1.303254394155e-01  
  2.285588116837e-02  ,1.287858576784e-01  
  2.295588116837e-02  ,1.267380283243e-01  
  2.305588116837e-02  ,1.241900331836e-01  
  2.315588116837e-02  ,1.211519280533e-01  
  2.325588116837e-02  ,1.176357029429e-01  
  2.335588116837e-02  ,1.136552347461e-01  
  2.345588116837e-02  ,1.092262326181e-01  
  2.355588116837e-02  ,1.043661757451e-01  
  2.365588116837e-02  ,9.909424459334e-02  
  2.375588116837e-02  ,9.343124503730e-02  
  2.385588116837e-02  ,8.739952637560e-02  
  2.395588116837e-02  ,8.102289303586e-02  
  2.405588116837e-02  ,7.432651067190e-02  
  2.415588116837e-02  ,6.733680690414e-02  
  2.425588116837e-02  ,6.008136676229e-02  
  2.435588116837e-02  ,5.258882432214e-02  
  2.445588116837e-02  ,4.488874909752e-02  
  2.455588116837e-02  ,3.701152980234e-02  
  2.465588116837e-02  ,2.898825424535e-02  
  2.475588116837e-02  ,2.085058659620e-02  
  2.485588116837e-02  ,1.263064253892e-02  
  2.495588116837e-02  ,4.360862445974e-03  
  2.505588116837e-02  ,-3.926116662582e-03  
  2.515588116837e-02  ,-1.219758989478e-02  
  2.525588116837e-02  ,-2.042091345609e-02  
  2.535588116837e-02  ,-2.856363368120e-02  
  2.545588116837e-02  ,-3.659361497153e-02  
  2.555588116837e-02  ,-4.447916667160e-02  
  2.565588116837e-02  ,-5.218916807367e-02  
  2.575588116837e-02  ,-5.969319139528e-02  
  2.585588116837e-02  ,-6.696162160585e-02  
  2.595588116837e-02  ,-7.396577356378e-02  
  2.605588116837e-02  ,-8.067800510982e-02  
  2.615588116837e-02  ,-8.707182608839e-02  
  2.625588116837e-02  ,-9.312200301493e-02  
  2.635588116837e-02  ,-9.880465864500e-02  
  2.645588116837e-02  ,-1.040973660822e-01  
  2.655588116837e-02  ,-1.089792374598e-01  
  2.665588116837e-02  ,-1.134310062480e-01  
  2.675588116837e-02  ,-1.174351033610e-01  
  2.685588116837e-02  ,-1.209757264385e-01  
  2.695588116837e-02  ,-1.240389022839e-01  
  2.705588116837e-02  ,-1.266125419274e-01  
  2.715588116837e-02  ,-1.286864883832e-01  
  2.725588116837e-02  ,-1.302525567262e-01  
  2.735588116837e-02  ,-1.313045664387e-01  
  2.745588116837e-02  ,-1.318383656788e-01  
  2.755588116837e-02  ,-1.318518478123e-01  
  2.765588116837e-02  ,-1.313449595988e-01  
  2.775588116837e-02  ,-1.303197015207e-01  
  2.785588116837e-02  ,-1.287801198053e-01  
  2.795588116837e-02  ,-1.267322904623e-01  
  2.805588116837e-02  ,-1.241842953444e-01  
  2.815588116837e-02  ,-1.211461902316e-01  
  2.825588116837e-02  ,-1.176299651152e-01  
  2.835588116837e-02  ,-1.136494969658e-01  
  2.845588116837e-02  ,-1.092204948288e-01  
  2.855588116837e-02  ,-1.043604379786e-01  
  2.865588116837e-02  ,-9.908850683082e-02  
  2.875588116837e-02  ,-9.342550732725e-02  
  2.885588116837e-02  ,-8.739378866991e-02  
  2.895588116837e-02  ,-8.101715533661e-02  
  2.905588116837e-02  ,-7.432077301055e-02  
  2.915588116837e-02  ,-6.733106915344e-02  
  2.925588116837e-02  ,-6.007562906286e-02  
  2.935588116837e-02  ,-5.258308655138e-02  
  2.945588116837e-02  ,-4.488301131409e-02  
  2.955588116837e-02  ,-3.700579200364e-02  
  2.965588116837e-02  ,-2.898251641972e-02  
  2.975588116837e-02  ,-2.084484879211e-02  
  2.985588116837e-02  ,-1.262490470900e-02  
  2.995588116837e-02  ,-4.355124606494e-03  
  3.005588116837e-02  ,3.931854533099e-03  
  3.015588116837e-02  ,1.220332775740e-02  
  3.025588116837e-02  ,2.042665134701e-02  
  3.035588116837e-02  ,2.856937157665e-02  
  3.045588116837e-02  ,3.659935288187e-02  
  3.055588116837e-02  ,4.448490459959e-02  
  3.065588116837e-02  ,5.219490602289e-02  
  3.075588116837e-02  ,5.969892933526e-02  
  3.085588116837e-02  ,6.696735957011e-02  
  3.095588116837e-02  ,7.397151153255e-02  
  3.105588116837e-02  ,8.068374308859e-02  
  3.115588116837e-02  ,8.707756406570e-02  
  3.125588116837e-02  ,9.312774100020e-02  
  3.135588116837e-02  ,9.881039662040e-02  
  3.145588116837e-02  ,1.041031040786e-01  
  3.155588116837e-02  ,1.089849754467e-01  
  3.165588116837e-02  ,1.134367442418e-01  
  3.175588116837e-02  ,1.174408413290e-01  
  3.185588116837e-02  ,1.209814644193e-01  
  3.195588116837e-02  ,1.240446402577e-01  
  3.205588116837e-02  ,1.266182798951e-01  
  3.215588116837e-02  ,1.286922263378e-01  
  3.225588116837e-02  ,1.302582946975e-01  
  3.235588116837e-02  ,1.313103043824e-01  
  3.245588116837e-02  ,1.318441036126e-01  
  3.255588116837e-02  ,1.318575857245e-01  
  3.265588116837e-02  ,1.313506975248e-01  
  3.275588116837e-02  ,1.303254394156e-01  
  3.285588116837e-02  ,1.287858576784e-01  
  3.295588116837e-02  ,1.267380283329e-01  
  3.305588116837e-02  ,1.241900331918e-01  
  3.315588116837e-02  ,1.211519280533e-01  
  3.325588116837e-02  ,1.176357029386e-01  
  3.335588116837e-02  ,1.136552347504e-01  
  3.345588116837e-02  ,1.092262326096e-01  
  3.355588116837e-02  ,1.043661757494e-01  
  3.365588116837e-02  ,9.909424459775e-02  
  3.375588116837e-02  ,9.343124504161e-02  
  3.385588116837e-02  ,8.739952637131e-02  
  3.395588116837e-02  ,8.102289303175e-02  
  3.405588116837e-02  ,7.432651068044e-02  
  3.415588116837e-02  ,6.733680689559e-02  
  3.425588116837e-02  ,6.008136676221e-02  
  3.435588116837e-02  ,5.258882431356e-02  
  3.445588116837e-02  ,4.488874908900e-02  
  3.455588116837e-02  ,3.701152980231e-02  
  3.465588116837e-02  ,2.898825424967e-02  
  3.475588116837e-02  ,2.085058660455e-02  
  3.485588116837e-02  ,1.263064254301e-02  
  3.495588116837e-02  ,4.360862441426e-03  
  3.505588116837e-02  ,-3.926116675274e-03  
  3.515588116837e-02  ,-1.219758989472e-02  
  3.525588116837e-02  ,-2.042091344787e-02  
  3.535588116837e-02  ,-2.856363368131e-02  
  3.545588116837e-02  ,-3.659361497583e-02  
  3.555588116837e-02  ,-4.447916667588e-02  
  3.565588116837e-02  ,-5.218916808225e-02  
  3.575588116837e-02  ,-5.969319139527e-02  
  3.585588116837e-02  ,-6.696162160591e-02  
  3.595588116837e-02  ,-7.396577356377e-02  
  3.605588116837e-02  ,-8.067800509720e-02  
  3.615588116837e-02  ,-8.707182607585e-02  
  3.625588116837e-02  ,-9.312200300643e-02  
  3.635588116837e-02  ,-9.880465864070e-02  
  3.645588116837e-02  ,-1.040973660608e-01  
  3.655588116837e-02  ,-1.089792374513e-01  
  3.665588116837e-02  ,-1.134310062522e-01  
  3.675588116837e-02  ,-1.174351033696e-01  
  3.685588116837e-02  ,-1.209757264469e-01  
  3.695588116837e-02  ,-1.240389022926e-01  
  3.705588116837e-02  ,-1.266125419271e-01  
  3.715588116837e-02  ,-1.286864883832e-01  
  3.725588116837e-02  ,-1.302525567387e-01  
  3.735588116837e-02  ,-1.313045664387e-01  
  3.745588116837e-02  ,-1.318383656745e-01  
  3.755588116837e-02  ,-1.318518477954e-01  
  3.765588116837e-02  ,-1.313449595947e-01  
  3.775588116837e-02  ,-1.303197015371e-01  
  3.785588116837e-02  ,-1.287801197968e-01  
  3.795588116837e-02  ,-1.267322904624e-01  
  3.805588116837e-02  ,-1.241842953528e-01  
  3.815588116837e-02  ,-1.211461902272e-01  
  3.825588116837e-02  ,-1.176299651195e-01  
  3.835588116837e-02  ,-1.136494969574e-01  
  3.845588116837e-02  ,-1.092204948246e-01  
  3.855588116837e-02  ,-1.043604379785e-01  
  3.865588116837e-02  ,-9.908850683083e-02  
  3.875588116837e-02  ,-9.342550731452e-02  
  3.885588116837e-02  ,-8.739378866564e-02  
  3.895588116837e-02  ,-8.101715534084e-02  
  3.905588116837e-02  ,-7.432077300201e-02  
  3.915588116837e-02  ,-6.733106916195e-02  
  3.925588116837e-02  ,-6.007562907129e-02  
  3.935588116837e-02  ,-5.258308655583e-02  
  3.945588116837e-02  ,-4.488301131419e-02  
  3.955588116837e-02  ,-3.700579200381e-02  
  3.965588116837e-02  ,-2.898251642395e-02  
  3.975588116837e-02  ,-2.084484879607e-02  
  3.985588116837e-02  ,-1.262490471335e-02  
  3.995588116837e-02  ,-4.355124610681e-03  
  4.005588116837e-02  ,3.931854528766e-03  
  4.015588116837e-02  ,1.220332774889e-02  
  4.025588116837e-02  ,2.042665134285e-02  
  4.035588116837e-02  ,2.856937158082e-02  
  4.045588116837e-02  ,3.659935288611e-02  
  4.055588116837e-02  ,4.448490459086e-02  
  4.065588116837e-02  ,5.219490602281e-02  
  4.075588116837e-02  ,5.969892934368e-02  
  4.085588116837e-02  ,6.696735956590e-02  
  4.095588116837e-02  ,7.397151154505e-02  
  4.105588116837e-02  ,8.068374308850e-02  
  4.115588116837e-02  ,8.707756406996e-02  
  4.125588116837e-02  ,9.312774100439e-02  
  4.135588116837e-02  ,9.881039662046e-02  
  4.145588116837e-02  ,1.041031040868e-01  
  4.155588116837e-02  ,1.089849754425e-01  
  4.165588116837e-02  ,1.134367442417e-01  
  4.175588116837e-02  ,1.174408413332e-01  
  4.185588116837e-02  ,1.209814644193e-01  
  4.195588116837e-02  ,1.240446402578e-01  
  4.205588116837e-02  ,1.266182798865e-01  
  4.215588116837e-02  ,1.286922263337e-01  
  4.225588116837e-02  ,1.302582946975e-01  
  4.235588116837e-02  ,1.313103043824e-01  
  4.245588116837e-02  ,1.318441036126e-01  
  4.255588116837e-02  ,1.318575857245e-01  
  4.265588116837e-02  ,1.313506975250e-01  
  4.275588116837e-02  ,1.303254394156e-01  
  4.285588116837e-02  ,1.287858576742e-01  
  4.295588116837e-02  ,1.267380283287e-01  
  4.305588116837e-02  ,1.241900331917e-01  
  4.315588116837e-02  ,1.211519280534e-01  
  4.325588116837e-02  ,1.176357029302e-01  
  4.335588116837e-02  ,1.136552347505e-01  
  4.345588116837e-02  ,1.092262326096e-01  
  4.355588116837e-02  ,1.043661757369e-01  
  4.365588116837e-02  ,9.909424459348e-02  
  4.375588116837e-02  ,9.343124504594e-02  
  4.385588116837e-02  ,8.739952637130e-02  
  4.395588116837e-02  ,8.102289303184e-02  
  4.405588116837e-02  ,7.432651068045e-02  
  4.415588116837e-02  ,6.733680689566e-02  
  4.425588116837e-02  ,6.008136676219e-02  
  4.435588116837e-02  ,5.258882430949e-02  
  4.445588116837e-02  ,4.488874910181e-02  
  4.455588116837e-02  ,3.701152980664e-02  
  4.465588116837e-02  ,2.898825424535e-02  
  4.475588116837e-02  ,2.085058660460e-02  
  4.485588116837e-02  ,1.263064253035e-02  
  4.495588116837e-02  ,4.360862437464e-03  
  4.505588116837e-02  ,-3.926116671061e-03  
  4.515588116837e-02  ,-1.219758989882e-02  
  4.525588116837e-02  ,-2.042091344795e-02  
  4.535588116837e-02  ,-2.856363368130e-02  
  4.545588116837e-02  ,-3.659361497591e-02  
  4.555588116837e-02  ,-4.447916666730e-02  
  4.565588116837e-02  ,-5.218916808239e-02  
  4.575588116837e-02  ,-5.969319139096e-02  
  4.585588116837e-02  ,-6.696162160594e-02  
  4.595588116837e-02  ,-7.396577356374e-02  
  4.605588116837e-02  ,-8.067800509295e-02  
  4.615588116837e-02  ,-8.707182607580e-02  
  4.625588116837e-02  ,-9.312200300645e-02  
  4.635588116837e-02  ,-9.880465864063e-02  
  4.645588116837e-02  ,-1.040973660695e-01  
  4.655588116837e-02  ,-1.089792374554e-01  
  4.665588116837e-02  ,-1.134310062566e-01  
  4.675588116837e-02  ,-1.174351033653e-01  
  4.685588116837e-02  ,-1.209757264426e-01  
  4.695588116837e-02  ,-1.240389022883e-01  
  4.705588116837e-02  ,-1.266125419314e-01  
  4.715588116837e-02  ,-1.286864883831e-01  
  4.725588116837e-02  ,-1.302525567306e-01  
  4.735588116837e-02  ,-1.313045664386e-01  
  4.745588116837e-02  ,-1.318383656746e-01  
  4.755588116837e-02  ,-1.318518478078e-01  
  4.765588116837e-02  ,-1.313449596075e-01  
  4.775588116837e-02  ,-1.303197015371e-01  
  4.785588116837e-02  ,-1.287801198011e-01  
  4.795588116837e-02  ,-1.267322904624e-01  
  4.805588116837e-02  ,-1.241842953528e-01  
  4.815588116837e-02  ,-1.211461902272e-01  
  4.825588116837e-02  ,-1.176299651152e-01  
  4.835588116837e-02  ,-1.136494969574e-01  
  4.845588116837e-02  ,-1.092204948164e-01  
  4.855588116837e-02  ,-1.043604379828e-01  
  4.865588116837e-02  ,-9.908850683942e-02  
  4.875588116837e-02  ,-9.342550731434e-02  
  4.885588116837e-02  ,-8.739378867422e-02  
  4.895588116837e-02  ,-8.101715534051e-02  
  4.905588116837e-02  ,-7.432077299792e-02  
  4.915588116837e-02  ,-6.733106915340e-02  
  4.925588116837e-02  ,-6.007562906292e-02  
  4.935588116837e-02  ,-5.258308655560e-02  
  4.945588116837e-02  ,-4.488301130988e-02  
  4.955588116837e-02  ,-3.700579200373e-02  
  4.965588116837e-02  ,-2.898251642408e-02  
  4.975588116837e-02  ,-2.084484879599e-02  
  4.985588116837e-02  ,-1.262490472195e-02  
  4.995588116837e-02  ,-4.355124602154e-03  
  5.005588116837e-02  ,3.931854532913e-03  
  5.015588116837e-02  ,1.220332775320e-02  
  5.025588116837e-02  ,2.042665133842e-02  
  5.035588116837e-02  ,2.856937158528e-02  
  5.045588116837e-02  ,3.659935289024e-02  
  5.055588116837e-02  ,4.448490458697e-02  
  5.065588116837e-02  ,5.219490602269e-02  
  5.075588116837e-02  ,5.969892933956e-02  
  5.085588116837e-02  ,6.696735956573e-02  
  5.095588116837e-02  ,7.397151153683e-02  
  5.105588116837e-02  ,8.068374309259e-02  
  5.115588116837e-02  ,8.707756406602e-02  
  5.125588116837e-02  ,9.312774100009e-02  
  5.135588116837e-02  ,9.881039662471e-02  
  5.145588116837e-02  ,1.041031040825e-01  
  5.155588116837e-02  ,1.089849754470e-01  
  5.165588116837e-02  ,1.134367442460e-01  
  5.175588116837e-02  ,1.174408413376e-01  
  5.185588116837e-02  ,1.209814644234e-01  
  5.195588116837e-02  ,1.240446402539e-01  
  5.205588116837e-02  ,1.266182798863e-01  
  5.215588116837e-02  ,1.286922263423e-01  
  5.225588116837e-02  ,1.302582946889e-01  
  5.235588116837e-02  ,1.313103043826e-01  
  5.245588116837e-02  ,1.318441036041e-01  
  5.255588116837e-02  ,1.318575857163e-01  
  5.265588116837e-02  ,1.313506975289e-01  
  5.275588116837e-02  ,1.303254394157e-01  
  5.285588116837e-02  ,1.287858576742e-01  
  5.295588116837e-02  ,1.267380283205e-01  
  5.305588116837e-02  ,1.241900331918e-01  
  5.315588116837e-02  ,1.211519280538e-01  
  5.325588116837e-02  ,1.176357029342e-01  
  5.335588116837e-02  ,1.136552347505e-01  
  5.345588116837e-02  ,1.092262326053e-01  
  5.355588116837e-02  ,1.043661757371e-01  
  5.365588116837e-02  ,9.909424459332e-02  
  5.375588116837e-02  ,9.343124504595e-02  
  5.385588116837e-02  ,8.739952637969e-02  
  5.395588116837e-02  ,8.102289303612e-02  
  5.405588116837e-02  ,7.432651068455e-02  
  5.415588116837e-02  ,6.733680689172e-02  
  5.425588116837e-02  ,6.008136676219e-02  
  5.435588116837e-02  ,5.258882430949e-02  
  5.445588116837e-02  ,4.488874909319e-02  
  5.455588116837e-02  ,3.701152980663e-02  
  5.465588116837e-02  ,2.898825424499e-02  
  5.475588116837e-02  ,2.085058660904e-02  
  5.485588116837e-02  ,1.263064253443e-02  
  5.495588116837e-02  ,4.360862429139e-03  
  5.505588116837e-02  ,-3.926116671225e-03  
  5.515588116837e-02  ,-1.219758989022e-02  
  5.525588116837e-02  ,-2.042091344793e-02  
  5.535588116837e-02  ,-2.856363368536e-02  
  5.545588116837e-02  ,-3.659361498017e-02  
  5.555588116837e-02  ,-4.447916666731e-02  
  5.565588116837e-02  ,-5.218916808233e-02  
  5.575588116837e-02  ,-5.969319139098e-02  
  5.585588116837e-02  ,-6.696162160203e-02  
  5.595588116837e-02  ,-7.396577357198e-02  
  5.605588116837e-02  ,-8.067800509728e-02  
  5.615588116837e-02  ,-8.707182608404e-02  
  5.625588116837e-02  ,-9.312200301522e-02  
  5.635588116837e-02  ,-9.880465863633e-02  
  5.645588116837e-02  ,-1.040973660737e-01  
  5.655588116837e-02  ,-1.089792374554e-01  
  5.665588116837e-02  ,-1.134310062566e-01  
  5.675588116837e-02  ,-1.174351033694e-01  
  5.685588116837e-02  ,-1.209757264344e-01  
  5.695588116837e-02  ,-1.240389022923e-01  
  5.705588116837e-02  ,-1.266125419357e-01  
  5.715588116837e-02  ,-1.286864883958e-01  
  5.725588116837e-02  ,-1.302525567473e-01  
  5.735588116837e-02  ,-1.313045664384e-01  
  5.745588116837e-02  ,-1.318383656831e-01  
  5.755588116837e-02  ,-1.318518478034e-01  
  5.765588116837e-02  ,-1.313449595990e-01  
  5.775588116837e-02  ,-1.303197015369e-01  
  5.785588116837e-02  ,-1.287801197970e-01  
  5.795588116837e-02  ,-1.267322904665e-01  
  5.805588116837e-02  ,-1.241842953528e-01  
  5.815588116837e-02  ,-1.211461902270e-01  
  5.825588116837e-02  ,-1.176299651070e-01  
  5.835588116837e-02  ,-1.136494969573e-01  
  5.845588116837e-02  ,-1.092204947999e-01  
  5.855588116837e-02  ,-1.043604379826e-01  
  5.865588116837e-02  ,-9.908850683536e-02  
  5.875588116837e-02  ,-9.342550730160e-02  
  5.885588116837e-02  ,-8.739378867853e-02  
  5.895588116837e-02  ,-8.101715533618e-02  
  5.905588116837e-02  ,-7.432077299382e-02  
  5.915588116837e-02  ,-6.733106914905e-02  
  5.925588116837e-02  ,-6.007562906722e-02  
  5.935588116837e-02  ,-5.258308654700e-02  
  5.945588116837e-02  ,-4.488301129772e-02  
  5.955588116837e-02  ,-3.700579201587e-02  
  5.965588116837e-02  ,-2.898251644106e-02  
  5.975588116837e-02  ,-2.084484879167e-02  
  5.985588116837e-02  ,-1.262490471782e-02  
  5.995588116837e-02  ,-4.355124597825e-03  
  6.005588116837e-02  ,3.931854532884e-03  
  6.015588116837e-02  ,1.220332774911e-02  
  6.025588116837e-02  ,2.042665133430e-02  
  6.035588116837e-02  ,2.856937158120e-02  
  6.045588116837e-02  ,3.659935288596e-02  
  6.055588116837e-02  ,4.448490458285e-02  
  6.065588116837e-02  ,5.219490602677e-02  
  6.075588116837e-02  ,5.969892933138e-02  
  6.085588116837e-02  ,6.696735956570e-02  
  6.095588116837e-02  ,7.397151153688e-02  
  6.105588116837e-02  ,8.068374309257e-02  
  6.115588116837e-02  ,8.707756407433e-02  
  6.125588116837e-02  ,9.312774100436e-02  
  6.135588116837e-02  ,9.881039662479e-02  
  6.145588116837e-02  ,1.041031040867e-01  
  6.155588116837e-02  ,1.089849754470e-01  
  6.165588116837e-02  ,1.134367442375e-01  
  6.175588116837e-02  ,1.174408413337e-01  
  6.185588116837e-02  ,1.209814644233e-01  
  6.195588116837e-02  ,1.240446402539e-01  
  6.205588116837e-02  ,1.266182798863e-01  
  6.215588116837e-02  ,1.286922263423e-01  
  6.225588116837e-02  ,1.302582946889e-01  
  6.235588116837e-02  ,1.313103043912e-01  
  6.245588116837e-02  ,1.318441036246e-01  
  6.255588116837e-02  ,1.318575857205e-01  
  6.265588116837e-02  ,1.313506975162e-01  
  6.275588116837e-02  ,1.303254394242e-01  
  6.285588116837e-02  ,1.287858576866e-01  
  6.295588116837e-02  ,1.267380283205e-01  
  6.305588116837e-02  ,1.241900331831e-01  
  6.315588116837e-02  ,1.211519280538e-01  
  6.325588116837e-02  ,1.176357029342e-01  
  6.335588116837e-02  ,1.136552347464e-01  
  6.345588116837e-02  ,1.092262326093e-01  
  6.355588116837e-02  ,1.043661757414e-01  
  6.365588116837e-02  ,9.909424459325e-02  
  6.375588116837e-02  ,9.343124504599e-02  
  6.385588116837e-02  ,8.739952637534e-02  
  6.395588116837e-02  ,8.102289304469e-02  
  6.405588116837e-02  ,7.432651068451e-02  
  6.415588116837e-02  ,6.733680689177e-02  
  6.425588116837e-02  ,6.008136677450e-02  
  6.435588116837e-02  ,5.258882431812e-02  
  6.445588116837e-02  ,4.488874909307e-02  
  6.455588116837e-02  ,3.701152980670e-02  
  6.465588116837e-02  ,2.898825424502e-02  
  6.475588116837e-02  ,2.085058660482e-02  
  6.485588116837e-02  ,1.263064253862e-02  
  6.495588116837e-02  ,4.360862429151e-03  
  6.505588116837e-02  ,-3.926116671290e-03  
  6.515588116837e-02  ,-1.219758989434e-02  
  6.525588116837e-02  ,-2.042091345229e-02  
  6.535588116837e-02  ,-2.856363367681e-02  
  6.545588116837e-02  ,-3.659361497612e-02  
  6.555588116837e-02  ,-4.447916667137e-02  
  6.565588116837e-02  ,-5.218916808670e-02  
  6.575588116837e-02  ,-5.969319139505e-02  
  6.585588116837e-02  ,-6.696162160205e-02  
  6.595588116837e-02  ,-7.396577356338e-02  
  6.605588116837e-02  ,-8.067800509319e-02  
  6.615588116837e-02  ,-8.707182608402e-02  
  6.625588116837e-02  ,-9.312200301115e-02  
  6.635588116837e-02  ,-9.880465863625e-02  
  6.645588116837e-02  ,-1.040973660737e-01  
  6.655588116837e-02  ,-1.089792374468e-01  
  6.665588116837e-02  ,-1.134310062569e-01  
  6.675588116837e-02  ,-1.174351033736e-01  
  6.685588116837e-02  ,-1.209757264388e-01  
  6.695588116837e-02  ,-1.240389022924e-01  
  6.705588116837e-02  ,-1.266125419275e-01  
  6.715588116837e-02  ,-1.286864883956e-01  
  6.725588116837e-02  ,-1.302525567392e-01  
  6.735588116837e-02  ,-1.313045664424e-01  
  6.745588116837e-02  ,-1.318383656875e-01  
  6.755588116837e-02  ,-1.318518478034e-01  
  6.765588116837e-02  ,-1.313449595991e-01  
  6.775588116837e-02  ,-1.303197015369e-01  
  6.785588116837e-02  ,-1.287801198012e-01  
  6.795588116837e-02  ,-1.267322904665e-01  
  6.805588116837e-02  ,-1.241842953531e-01  
  6.815588116837e-02  ,-1.211461902311e-01  
  6.825588116837e-02  ,-1.176299651071e-01  
  6.835588116837e-02  ,-1.136494969572e-01  
  6.845588116837e-02  ,-1.092204948043e-01  
  6.855588116837e-02  ,-1.043604379740e-01  
  6.865588116837e-02  ,-9.908850683970e-02  
  6.875588116837e-02  ,-9.342550730161e-02  
  6.885588116837e-02  ,-8.739378867448e-02  
  6.895588116837e-02  ,-8.101715533618e-02  
  6.905588116837e-02  ,-7.432077299816e-02  
  6.915588116837e-02  ,-6.733106914903e-02  
  6.925588116837e-02  ,-6.007562906727e-02  
  6.935588116837e-02  ,-5.258308655115e-02  
  6.945588116837e-02  ,-4.488301129780e-02  
  6.955588116837e-02  ,-3.700579201590e-02  
  6.965588116837e-02  ,-2.898251643276e-02  
  6.975588116837e-02  ,-2.084484879170e-02  
  6.985588116837e-02  ,-1.262490472211e-02  
  6.995588116837e-02  ,-4.355124597647e-03  
  7.005588116837e-02  ,3.931854536967e-03  
  7.015588116837e-02  ,1.220332774914e-02  
  7.025588116837e-02  ,2.042665132998e-02  
  7.035588116837e-02  ,2.856937158549e-02  
  7.045588116837e-02  ,3.659935289004e-02  
  7.055588116837e-02  ,4.448490458283e-02  
  7.065588116837e-02  ,5.219490602668e-02  
  7.075588116837e-02  ,5.969892931876e-02  
  7.085588116837e-02  ,6.696735956551e-02  
  7.095588116837e-02  ,7.397151154121e-02  
  7.105588116837e-02  ,8.068374308827e-02  
  7.115588116837e-02  ,8.707756407043e-02  
  7.125588116837e-02  ,9.312774100434e-02  
  7.135588116837e-02  ,9.881039662476e-02  
  7.145588116837e-02  ,1.041031040824e-01  
  7.155588116837e-02  ,1.089849754470e-01  
  7.165588116837e-02  ,1.134367442331e-01  
  7.175588116837e-02  ,1.174408413337e-01  
  7.185588116837e-02  ,1.209814644233e-01  
  7.195588116837e-02  ,1.240446402582e-01  
  7.205588116837e-02  ,1.266182798863e-01  
  7.215588116837e-02  ,1.286922263424e-01  
  7.225588116837e-02  ,1.302582946971e-01  
  7.235588116837e-02  ,1.313103043872e-01  
  7.245588116837e-02  ,1.318441036246e-01  
  7.255588116837e-02  ,1.318575857290e-01  
  7.265588116837e-02  ,1.313506975203e-01  
  7.275588116837e-02  ,1.303254394243e-01  
  7.285588116837e-02  ,1.287858576866e-01  
  7.295588116837e-02  ,1.267380283205e-01  
  7.305588116837e-02  ,1.241900331872e-01  
  7.315588116837e-02  ,1.211519280538e-01  
  7.325588116837e-02  ,1.176357029342e-01  
  7.335588116837e-02  ,1.136552347465e-01  
  7.345588116837e-02  ,1.092262326093e-01  
  7.355588116837e-02  ,1.043661757372e-01  
  7.365588116837e-02  ,9.909424459752e-02  
  7.375588116837e-02  ,9.343124505460e-02  
  7.385588116837e-02  ,8.739952637963e-02  
  7.395588116837e-02  ,8.102289304475e-02  
  7.405588116837e-02  ,7.432651069256e-02  
  7.415588116837e-02  ,6.733680690040e-02  
  7.425588116837e-02  ,6.008136676611e-02  
  7.435588116837e-02  ,5.258882430970e-02  
  7.445588116837e-02  ,4.488874909299e-02  
  7.455588116837e-02  ,3.701152980241e-02  
  7.465588116837e-02  ,2.898825424064e-02  
  7.475588116837e-02  ,2.085058660481e-02  
  7.485588116837e-02  ,1.263064253436e-02  
  7.495588116837e-02  ,4.360862437698e-03  
  7.505588116837e-02  ,-3.926116658922e-03  
  7.515588116837e-02  ,-1.219758989425e-02  
  7.525588116837e-02  ,-2.042091346082e-02  
  7.535588116837e-02  ,-2.856363367674e-02  
  7.545588116837e-02  ,-3.659361497609e-02  
  7.555588116837e-02  ,-4.447916667134e-02  
  7.565588116837e-02  ,-5.218916809112e-02  
  7.575588116837e-02  ,-5.969319139501e-02  
  7.585588116837e-02  ,-6.696162160204e-02  
  7.595588116837e-02  ,-7.396577356334e-02  
  7.605588116837e-02  ,-8.067800509316e-02  
  7.615588116837e-02  ,-8.707182608398e-02  
  7.625588116837e-02  ,-9.312200301112e-02  
  7.635588116837e-02  ,-9.880465863628e-02  
  7.645588116837e-02  ,-1.040973660737e-01  
  7.655588116837e-02  ,-1.089792374509e-01  
  7.665588116837e-02  ,-1.134310062569e-01  
  7.675588116837e-02  ,-1.174351033693e-01  
  7.685588116837e-02  ,-1.209757264222e-01  
  7.695588116837e-02  ,-1.240389022838e-01  
  7.705588116837e-02  ,-1.266125419361e-01  
  7.715588116837e-02  ,-1.286864883913e-01  
  7.725588116837e-02  ,-1.302525567435e-01  
  7.735588116837e-02  ,-1.313045664465e-01  
  7.745588116837e-02  ,-1.318383656834e-01  
  7.755588116837e-02  ,-1.318518477991e-01  
  7.765588116837e-02  ,-1.313449595950e-01  
  7.775588116837e-02  ,-1.303197015326e-01  
  7.785588116837e-02  ,-1.287801197807e-01  
  7.795588116837e-02  ,-1.267322904622e-01  
  7.805588116837e-02  ,-1.241842953574e-01  
  7.815588116837e-02  ,-1.211461902268e-01  
  7.825588116837e-02  ,-1.176299651071e-01  
  7.835588116837e-02  ,-1.136494969527e-01  
  7.845588116837e-02  ,-1.092204948129e-01  
  7.855588116837e-02  ,-1.043604379740e-01  
  7.865588116837e-02  ,-9.908850683148e-02  
  7.875588116837e-02  ,-9.342550730145e-02  
  7.885588116837e-02  ,-8.739378867450e-02  
  7.895588116837e-02  ,-8.101715534424e-02  
  7.905588116837e-02  ,-7.432077298998e-02  
  7.915588116837e-02  ,-6.733106916132e-02  
  7.925588116837e-02  ,-6.007562907584e-02  
  7.935588116837e-02  ,-5.258308654271e-02  
  7.945588116837e-02  ,-4.488301129782e-02  
  7.955588116837e-02  ,-3.700579201158e-02  
  7.965588116837e-02  ,-2.898251643278e-02  
  7.975588116837e-02  ,-2.084484878739e-02  
  7.985588116837e-02  ,-1.262490471802e-02  
  7.995588116837e-02  ,-4.355124597627e-03  
  8.005588116837e-02  ,3.931854536834e-03  
  8.015588116837e-02  ,1.220332775777e-02  
  8.025588116837e-02  ,2.042665133823e-02  
  8.035588116837e-02  ,2.856937158558e-02  
  8.045588116837e-02  ,3.659935289861e-02  
  8.055588116837e-02  ,4.448490459146e-02  
  8.065588116837e-02  ,5.219490602240e-02  
  8.075588116837e-02  ,5.969892931878e-02  
  8.085588116837e-02  ,6.696735956547e-02  
  8.095588116837e-02  ,7.397151153694e-02  
  8.105588116837e-02  ,8.068374308395e-02  
  8.115588116837e-02  ,8.707756406220e-02  
  8.125588116837e-02  ,9.312774100001e-02  
  8.135588116837e-02  ,9.881039662500e-02  
  8.145588116837e-02  ,1.041031040824e-01  
  8.155588116837e-02  ,1.089849754472e-01  
  8.165588116837e-02  ,1.134367442374e-01  
  8.175588116837e-02  ,1.174408413381e-01  
  8.185588116837e-02  ,1.209814644190e-01  
  8.195588116837e-02  ,1.240446402582e-01  
  8.205588116837e-02  ,1.266182798904e-01  
  8.215588116837e-02  ,1.286922263424e-01  
  8.225588116837e-02  ,1.302582946971e-01  
  8.235588116837e-02  ,1.313103043831e-01  
  8.245588116837e-02  ,1.318441036288e-01  
  8.255588116837e-02  ,1.318575857334e-01  
  8.265588116837e-02  ,1.313506975203e-01  
  8.275588116837e-02  ,1.303254394203e-01  
  8.285588116837e-02  ,1.287858576823e-01  
  8.295588116837e-02  ,1.267380283164e-01  
  8.305588116837e-02  ,1.241900331829e-01  
  8.315588116837e-02  ,1.211519280538e-01  
  8.325588116837e-02  ,1.176357029383e-01  
  8.335588116837e-02  ,1.136552347507e-01  
  8.345588116837e-02  ,1.092262326050e-01  
  8.355588116837e-02  ,1.043661757372e-01  
  8.365588116837e-02  ,9.909424459750e-02  
  8.375588116837e-02  ,9.343124505461e-02  
  8.385588116837e-02  ,8.739952637532e-02  
  8.395588116837e-02  ,8.102289304063e-02  
  8.405588116837e-02  ,7.432651069665e-02  
  8.415588116837e-02  ,6.733680690470e-02  
  8.425588116837e-02  ,6.008136677018e-02  
  8.435588116837e-02  ,5.258882430994e-02  
  8.445588116837e-02  ,4.488874909298e-02  
  8.455588116837e-02  ,3.701152979425e-02  
  8.465588116837e-02  ,2.898825424064e-02  
  8.475588116837e-02  ,2.085058660916e-02  
  8.485588116837e-02  ,1.263064253838e-02  
  8.495588116837e-02  ,4.360862437726e-03  
  8.505588116837e-02  ,-3.926116658959e-03  
  8.515588116837e-02  ,-1.219758988565e-02  
  8.525588116837e-02  ,-2.042091345262e-02  
  8.535588116837e-02  ,-2.856363368082e-02  
  8.545588116837e-02  ,-3.659361498469e-02  
  8.555588116837e-02  ,-4.447916667131e-02  
  8.565588116837e-02  ,-5.218916809117e-02  
  8.575588116837e-02  ,-5.969319139497e-02  
  8.585588116837e-02  ,-6.696162159795e-02  
  8.595588116837e-02  ,-7.396577355901e-02  
  8.605588116837e-02  ,-8.067800509322e-02  
  8.615588116837e-02  ,-8.707182609217e-02  
  8.625588116837e-02  ,-9.312200301545e-02  
  8.635588116837e-02  ,-9.880465864040e-02  
  8.645588116837e-02  ,-1.040973660738e-01  
  8.655588116837e-02  ,-1.089792374466e-01  
  8.665588116837e-02  ,-1.134310062569e-01  
  8.675588116837e-02  ,-1.174351033693e-01  
  8.685588116837e-02  ,-1.209757264306e-01  
  8.695588116837e-02  ,-1.240389022838e-01  
  8.705588116837e-02  ,-1.266125419238e-01  
  8.715588116837e-02  ,-1.286864883913e-01  
  8.725588116837e-02  ,-1.302525567478e-01  
  8.735588116837e-02  ,-1.313045664508e-01  
  8.745588116837e-02  ,-1.318383656836e-01  
  8.755588116837e-02  ,-1.318518477991e-01  
  8.765588116837e-02  ,-1.313449595994e-01  
  8.775588116837e-02  ,-1.303197015368e-01  
  8.785588116837e-02  ,-1.287801197807e-01  
  8.795588116837e-02  ,-1.267322904622e-01  
  8.805588116837e-02  ,-1.241842953660e-01  
  8.815588116837e-02  ,-1.211461902268e-01  
  8.825588116837e-02  ,-1.176299651031e-01  
  8.835588116837e-02  ,-1.136494969568e-01  
  8.845588116837e-02  ,-1.092204948129e-01  
  8.855588116837e-02  ,-1.043604379781e-01  
  8.865588116837e-02  ,-9.908850684405e-02  
  8.875588116837e-02  ,-9.342550730144e-02  
  8.885588116837e-02  ,-8.739378867456e-02  
  8.895588116837e-02  ,-8.101715534422e-02  
  8.905588116837e-02  ,-7.432077299002e-02  
  8.915588116837e-02  ,-6.733106915701e-02  
  8.925588116837e-02  ,-6.007562906766e-02  
  8.935588116837e-02  ,-5.258308654270e-02  
  8.945588116837e-02  ,-4.488301130644e-02  
  8.955588116837e-02  ,-3.700579201158e-02  
  8.965588116837e-02  ,-2.898251643282e-02  
  8.975588116837e-02  ,-2.084484879562e-02  
  8.985588116837e-02  ,-1.262490471415e-02  
  8.995588116837e-02  ,-4.355124597568e-03  
  9.005588116837e-02  ,3.931854532671e-03  
  9.015588116837e-02  ,1.220332776208e-02  
  9.025588116837e-02  ,2.042665133392e-02  
  9.035588116837e-02  ,2.856937158149e-02  
  9.045588116837e-02  ,3.659935289858e-02  
  9.055588116837e-02  ,4.448490459149e-02  
  9.065588116837e-02  ,5.219490602241e-02  
  9.075588116837e-02  ,5.969892932313e-02  
  9.085588116837e-02  ,6.696735956961e-02  
  9.095588116837e-02  ,7.397151154131e-02  
  9.105588116837e-02  ,8.068374308399e-02  
  9.115588116837e-02  ,8.707756406226e-02  
  9.125588116837e-02  ,9.312774100002e-02  
  9.135588116837e-02  ,9.881039662089e-02  
  9.145588116837e-02  ,1.041031040823e-01  
  9.155588116837e-02  ,1.089849754472e-01  
  9.165588116837e-02  ,1.134367442374e-01  
  9.175588116837e-02  ,1.174408413381e-01  
  9.185588116837e-02  ,1.209814644272e-01  
  9.195588116837e-02  ,1.240446402583e-01  
  9.205588116837e-02  ,1.266182798862e-01  
  9.215588116837e-02  ,1.286922263467e-01  
  9.225588116837e-02  ,1.302582946970e-01  
  9.235588116837e-02  ,1.313103043831e-01  
  9.245588116837e-02  ,1.318441036288e-01  
  9.255588116837e-02  ,1.318575857334e-01  
  9.265588116837e-02  ,1.313506975202e-01  
  9.275588116837e-02  ,1.303254394204e-01  
  9.285588116837e-02  ,1.287858576866e-01  
  9.295588116837e-02  ,1.267380283207e-01  
  9.305588116837e-02  ,1.241900331829e-01  
  9.315588116837e-02  ,1.211519280582e-01  
  9.325588116837e-02  ,1.176357029383e-01  
  9.335588116837e-02  ,1.136552347508e-01  
  9.345588116837e-02  ,1.092262326091e-01  
  9.355588116837e-02  ,1.043661757372e-01  
  9.365588116837e-02  ,9.909424459303e-02  
  9.375588116837e-02  ,9.343124503786e-02  
  9.385588116837e-02  ,8.739952637939e-02  
  9.395588116837e-02  ,8.102289304909e-02  
  9.405588116837e-02  ,7.432651069250e-02  
  9.415588116837e-02  ,6.733680690472e-02  
  9.425588116837e-02  ,6.008136677013e-02  
  9.435588116837e-02  ,5.258882430999e-02  
  9.445588116837e-02  ,4.488874909296e-02  
  9.455588116837e-02  ,3.701152979873e-02  
  9.465588116837e-02  ,2.898825424062e-02  
  9.475588116837e-02  ,2.085058660921e-02  
  9.485588116837e-02  ,1.263064254679e-02  
  9.495588116837e-02  ,4.360862442061e-03  
  9.505588116837e-02  ,-3.926116659031e-03  
  9.515588116837e-02  ,-1.219758988993e-02  
  9.525588116837e-02  ,-2.042091345698e-02  
  9.535588116837e-02  ,-2.856363368081e-02  
  9.545588116837e-02  ,-3.659361497653e-02  
  9.555588116837e-02  ,-4.447916666697e-02  
  9.565588116837e-02  ,-5.218916809117e-02  
  9.575588116837e-02  ,-5.969319139920e-02  
  9.585588116837e-02  ,-6.696162160212e-02  
  9.595588116837e-02  ,-7.396577356325e-02  
  9.605588116837e-02  ,-8.067800509324e-02  
  9.615588116837e-02  ,-8.707182608390e-02  
  9.625588116837e-02  ,-9.312200301122e-02  
  9.635588116837e-02  ,-9.880465864036e-02  
  9.645588116837e-02  ,-1.040973660738e-01  
  9.655588116837e-02  ,-1.089792374465e-01  
  9.665588116837e-02  ,-1.134310062528e-01  
  9.675588116837e-02  ,-1.174351033734e-01  
  9.685588116837e-02  ,-1.209757264306e-01  
  9.695588116837e-02  ,-1.240389022878e-01  
  9.705588116837e-02  ,-1.266125419238e-01  
  9.715588116837e-02  ,-1.286864883785e-01  
  9.725588116837e-02  ,-1.302525567435e-01  
  9.735588116837e-02  ,-1.313045664506e-01  
  9.745588116837e-02  ,-1.318383656877e-01  
  9.755588116837e-02  ,-1.318518477990e-01  
  9.765588116837e-02  ,-1.313449595993e-01  
  9.775588116837e-02  ,-1.303197015367e-01  
  9.785588116837e-02  ,-1.287801197850e-01  
  9.795588116837e-02  ,-1.267322904619e-01  
  9.805588116837e-02  ,-1.241842953617e-01  
  9.815588116837e-02  ,-1.211461902267e-01  
  9.825588116837e-02  ,-1.176299651073e-01  
  9.835588116837e-02  ,-1.136494969567e-01  
  9.845588116837e-02  ,-1.092204948129e-01  
  9.855588116837e-02  ,-1.043604379780e-01  
  9.865588116837e-02  ,-9.908850684404e-02  
  9.875588116837e-02  ,-9.342550730132e-02  
  9.885588116837e-02  ,-8.739378867453e-02  
  9.895588116837e-02  ,-8.101715534840e-02  
  9.905588116837e-02  ,-7.432077299000e-02  
  9.915588116837e-02  ,-6.733106914871e-02  
  9.925588116837e-02  ,-6.007562906341e-02  
  9.935588116837e-02  ,-5.258308654260e-02  
  9.945588116837e-02  ,-4.488301130641e-02  
  9.955588116837e-02  ,-3.700579200292e-02  
  9.965588116837e-02  ,-2.898251642867e-02  
  9.975588116837e-02  ,-2.084484879551e-02  
  9.985588116837e-02  ,-1.262490471412e-02  
  9.995588116837e-02  ,-4.355124597522e-03  
  1.000000000000e-01  ,-6.989205740850e-04  
